name,rating,count,exp,address
Doublesided,5,3,"Web Design, Marketing","1 Pancras Square
King's Cross"
WP Design,5,1,"Web Design, Marketing, Advertising","20 Jerusalem Passage
Clerkenwell"
Marc James Studios,5,1,"Web Design, Marketing, Graphic Design",Dalston
HighGrade Design,5,1,"Web Design, Advertising, Graphic Design","10-12 Arcade Chambers
Eltham"
SynapseWebSolutions,5,1,"Web Design, Software Development, Marketing",Serving London and the Surrounding Area
Think Social Media!,0,0,,"Cambridge Road
Holborn"
Anova London,5,1,"Web Design, Marketing","33-35 Daws Lane
Mill Hill"
Addictivity,5,1,"Web Design, Marketing","155 Commercial Street
Spitalfields"
Grey Fox Web Design,5,1,"Web Design, Graphic Design","12 Monteagle Way
Peckham"
Moore Wilson,5,1,Graphic Design,"19 Garrick Street
Covent Garden"
Digitalhound Ltd,0,0,,"207 Regent Street
Mayfair"
Dotpeak,0,0,,180-186 Kings Cross Rd
Drawn in Digital,0,0,,"105-109 Farringdon Road
Clerkenwell"
Layer Lab,0,0,,"14 Hanover Street
Mayfair"
Quintessa Media,0,0,,"14 Hanover Street
Mayfair"
Freshlinx Web Design,5,1,Web Design,"85 Markhouse Avenue
Walthamstow"
Decho,4,7,Graphic Design,"2-10 Baron Street
Islington"
EECE Design & Development,0,0,,"10 Bowyer House 4 Vermont Road
Wandsworth"
Coretium Media,0,0,,"4 Selsdon Way
Isle of Dogs"
Code Curators,5,1,"Web Design, Graphic Design, Internet Service Providers","92 Roan Street Greenwich
Greenwich"
Alextasy Design,5,1,"Web Design, Advertising, Graphic Design","51 Clapham Common SouthSide
Clapham Common"
Thomas Oldham SEO,0,0,,"207 Regent Street
Mayfair"
Sway Media Design,0,0,,Westminster
Digitator,0,0,,"202 High Road Leyton
Leyton"
Grow Digital Media,5,1,Web Design,"1a Monkville Parade Finchley Road
Temple Fortune"
Integrated Change,0,0,,"25 Sackville Street
Mayfair"
Jessimi Web Agency,0,0,,
Rare Breed Digital,0,0,,"800 Highgate Studios
Parliament Hill/Dartmouth Park"
OSb Web Solutions,0,0,,"2 Moody Street
Mile End / Globe Town"
Black Cat Web Design And Development,0,0,,Bow
Redwire Design,0,0,,"1G The Chandlery
Southwark"
am-webdesign,0,0,,"Stratton Street
Mayfair"
GWebDev,0,0,,"2 Leman Street
Whitechapel"
We Built Your Website,0,0,,Mayfair
Plug and Play,5,1,"Web Design, Marketing","6-8 Bonhill Street
Liverpool Street / Broadgate"
GQ Design,5,1,"Web Design, Marketing, Graphic Design","87 New Cavendish St
Fitzrovia"
Digital Hertz,0,0,,"71-75 Shelton Street
Covent Garden"
OWL Websites,0,0,,"Berkeley Square
Mayfair"
Can Factory,0,0,,Serving London and the Surrounding Area
Quad Digital,0,0,,"4 Elder Street
Shoreditch"
Artificial Labs,0,0,,"2 White Lion Court
The City"
IT Valiant - Web designers and developments,0,0,,"Shelton Street
Covent Garden"
Harding,0,0,,"22 Glanfield Road
Eden Park"
Parkmen Solutions,0,0,,"6 Spanish Place
Marylebone"
Mingleflow,0,0,,"130 Chingford Mount Road
Chingford"
Vix Solutions,0,0,,Serving London and the Surrounding Area
Marcomz Networks,0,0,,"152 City Road
Barbican"
Digital Bang,0,0,,"Kemp House 152 City Road
Barbican"
Zero G Media,0,0,,"2 London Wall Buildings
Liverpool Street / Broadgate"
Reactive Graphics,0,0,,"28 Poland Street
Soho"
Nextsun,0,0,,Serving London and the Surrounding Area
DubSEO,0,0,,"173 Princess Park Manor
New Southgate"
SQSP Design,5,1,Web Design,Isle of Dogs
Your Dynamic Resource,0,0,,Serving London and the Surrounding Area
Minute Steak,0,0,,"62-70 Shorts Gardens
Covent Garden"
Titan Web Solutions,0,0,,"145-157 St John Street
Clerkenwell"
Blue Drop Studio,0,0,,"57 Manor Court
Whitton"
Sigma Digital,0,0,,"34 South Molton Street
Mayfair"
Microvera,0,0,,"22 Notting Hill Gate
Cricklewood"
Lilo Web Development - London,0,0,,"5th Floor 38 Chancery Lane
Covent Garden"
Rolustech,0,0,,Serving London and the Surrounding Area
Pixellite Digital Design Agency,4,1,"Web Design, Graphic Design","91 Blackstock Rd
Finsbury Park"
Printstore,5,1,"Web Design, Advertising, Graphic Design","100 New Kings Road
Parsons Green"
Web Design Room,5,1,"Web Design, Marketing, Graphic Design","Regent Street
Fitzrovia"
SiteGround Hosting,5,1,Web Design,"18 South Street
Mayfair"
NexWeb,0,0,,"Scrubs Lane
Kensal Green"
Felix Web Design,1,1,"Web Design, Marketing, Graphic Design","Tiller Road
Millwall"
Time Media Production,5,1,Graphic Design,"218-220 Whitechapel Road
Whitechapel"
Zebedee Creations,0,0,,"91 Wimpole Street
Marylebone"
Redfin Solutions,0,0,,"207 Regents Street
Mayfair"
London Web Work,0,0,,
MintTwist,0,0,,Serving London and the Surrounding Area
Final Design Studios,0,0,,"34 Princelet Street
Brick Lane"
Glass Fox Media,0,0,,"67-68 Hatton Garden
Farringdon"
DKKMA Limited,1,1,"Web Design, Marketing, Advertising","16 Carlisle Street
Soho"
Local Fame,0,0,,"26 Red Lion Street
Bloomsbury"
Diginow,0,0,,Serving London and the Surrounding Area
Gopixel UK,0,0,,"55 Hornsey Lane
Hornsey"
Decidi Online,0,0,,"2 Transom Close
Surrey Quays"
Greensky Ltd,0,0,,"City Road
Islington"
TPG Design,0,0,,"9 Disraeli Road
Putney"
Red Attic Web Design Company,0,0,,"80 Mortimer Street
Fitzrovia"
Ripplenet Web Design,0,0,,"16 Sylvan Hill
South Norwood"
Teksyte,0,0,,"56 Tavistock Place
Bloomsbury"
Clubhouse Studios,0,0,,"4 Bath Place
Hoxton"
WIDE-i Communication,0,0,,"3rd Floor 207 Regent Street
Mayfair"
LVGStudios,0,0,,"88 Kingsway Road
Holborn"
LeadUp Marketers,0,0,,"71-75 Shelton Street
Covent Garden"
Richard Chapman Studio,0,0,,"3 16 The Plaza
West Brompton"
Companies Web Design,0,0,,"44 Skylines Village Limeharbour Canary Wharf
Isle of Dogs"
Content and Code,0,0,,"130 Fenchurch Street
Aldgate"
Dorchester Studio,0,0,,
DJA Online Services Limited,0,0,,"86-90 Paul Street
Liverpool Street / Broadgate"
Cairo Web Design,0,0,,"120 High Road
East Finchley"
Levitan Media,0,0,,Strand
Electric Dialogue,0,0,,"189 Munster Road
Fulham"
Social Media Strategist,0,0,,"37 Camden High St
Euston"
Web Design and Development,0,0,,Serving Ilford and the Surrounding Area
Bloomer Digital,0,0,,"Unit 1 One Canada Square
Canary Wharf"
Prey Design Studio | Wix Website Designers,0,0,,"13-14 Bateman St
Soho"
Thorgate,0,0,,"4-5 Bonhill Street
Liverpool Street / Broadgate"
Glide Digital,0,0,,"88 Wood Street
The City"
Connected,0,0,,"East Side
King's Cross"
Andre Armacollo Freelance Web Designer,0,0,,"Flat 5 155a Clapham High Street
Clapham Common"
First Place B2B,0,0,,"60 Winsor Avenue
Merton"
Taxi website,0,0,,"311 Lyham Road
Brixton"
Creative Designs UK,0,0,,"71-75 Shelton Street
Covent Garden"
Socio Design,0,0,,"24 Greville St
Farringdon"
Active Webdezign,0,0,,"78 York Street
Marylebone"
Nimble AppGenie,0,0,,Serving London and the Surrounding Area
Smart by Design,0,0,,"22 Wenlock Road
Islington"
Put It Out,5,1,Web Design,"68 Marchmont Street
Bloomsbury"
Respondit Web Design,0,0,,"82-84 Market Place
Fitzrovia"
One Vision Web,0,0,,"20 Hertsmere Road
Poplar"
Graphical,0,0,,"2 Riding House Street
Fitzrovia"
Pixelbirth - Digital Media Agency,0,0,,"30 Great Guildford Street
Southwark"
Treasure Apps,0,0,,"8 New Bridge Street
Blackfriars"
New Marketing Solutions,0,0,,"20-22 Wenlock Road
Islington"
Reaper Enterprises,0,0,,"Unit D 6 Putney Common
Roehampton"
Pixify Digital Agency,0,0,,"71 Shelton Street
Covent Garden"
Smart Graphix,0,0,,"172 Manor Square
Goodmayes"
Mystery,0,0,,Serving London and the Surrounding Area
DNA Creative,0,0,,"187 St John's Hill
Clapham Junction"
Onerion Media,0,0,,"145-157 ST John Street
Clerkenwell"
UI Farm,0,0,,"7 Winkley Street
Bethnal Green"
Richie Ashbeck,0,0,,"107 Kessock Close
Tottenham"
A Business Innovation,0,0,,"77-91 New Oxford Street
Bloomsbury"
Didgeroo,0,0,,"163 City Road
Islington"
Manage My Website,5,1,"Web Design, Marketing","152 City Road
Barbican"
Imagine & Make,0,0,,"11 Silverdale
Ealing"
HexoLab Web Solutions,0,0,,"110-112 hoxton street
Hoxton"
Sonaa,0,0,,"56 Shoreditch High Street
Mayfair"
Capeeshe,0,0,,"133 Copeland Road
Peckham"
Web Studio Lab,0,0,,"85 Great Portland Street
Fitzrovia"
Boxlight,0,0,,"15 Poland Street
Soho"
Ark Ideas Design,0,0,,"56 Farndale Avenue
Winchmore Hill"
Wardour Communications,0,0,,"34-45 Russell Street
Covent Garden"
UXB London,0,0,,"110 Clifton Centre
Liverpool Street / Broadgate"
Look Far,5,1,Advertising,"95 West Yard
Camden Town"
Patrick Robinson Consulting,0,0,,"24 Holborn Viaduct
Blackfriars"
Charma Communications,0,0,,Serving London and the Surrounding Area
UX Design Agency,0,0,,The City
Eight Arms,0,0,,"100 Clement's Road
Bermondsey"
C FACTORY,0,0,,"40 Bloomsbury Way
Bloomsbury"
Mystery Box,0,0,,"27 Holywell Row
Liverpool Street / Broadgate"
Lucy Maddison Design,0,0,,"11 Estreham Road
Streatham"
New Brand Media,0,0,,"69 Old Broad Street
Liverpool Street / Broadgate"
Nameblank,0,0,,"341-345 Old Street
Hoxton"
Graphic Design London,0,0,,"5a Irving Street
Leicester Square"
Xanda,0,0,,Serving London and the Surrounding Area
Whiz Solutions,0,0,,"114 Devonshire House
Mayfair"
EchoUA,0,0,,Serving London and the Surrounding Area
Nova Creative Solutions,5,1,"Web Design, Marketing, Graphic Design","Longshore
Deptford"
Web Design Quote Uk,0,0,,"44 Skylines Village Limeharbour Canary Wharf London
Isle of Dogs"
Webpop Design,0,0,,"67-68 Hatton Garden
Farringdon"
Magento Guys,0,0,,"207 Regent Street
Mayfair"
Blewsocial,0,0,,"152 City Road
Barbican"
Logicspice,0,0,,Serving London and the Surrounding Area
Sonewdesign,0,0,,164A
OMdeSIGN London,0,0,,"Anglers Lane
Kentish Town"
Metro Web Team,0,0,,"26 York Street
Marylebone"
Carr Kamasa Design,0,0,,"1 Poole Street
Angel"
Webdevgroup,0,0,,"51 Callcott Road
Brondesbury"
LogicSpot,0,0,,"Midmoor House Kew Road
Richmond Upon Thames"
Glazier Design,0,0,,"112 Great Portland Street
Fitzrovia"
Applejack.co.uk,0,0,,"53 Elgin Crescent
Notting Hill"
Net Now Design,0,0,,"51 Fashion Street
Brick Lane"
Layertech,0,0,,Serving London and the Surrounding Area
Logic Replace,0,0,,"71-75 Shelton Street Covent Garden
Covent Garden"
iDigitalise,0,0,,Serving Uxbridge and the Surrounding Area
Artonezero,0,0,,"33 Waterson Street
Shoreditch"
Nutbot,0,0,,"86-90 Paul Street
Liverpool Street / Broadgate"
ITpod,0,0,,"12 Cock Lane
Farringdon"
OnOff Print & Design,0,0,,"207 Regent Street
Fitzrovia"
Sien Web,0,0,,"52 Angus Gardens
Colindale"
Number Violet,0,0,,"Holborn Viaduct
Farringdon"
Yellowball,0,0,,"100 Drummond Road
Bermondsey"
Aumcore - Digital Marketing Agency,0,0,,"1 Fore Street
Barbican"
Waadplus,0,0,,"152-160 Kemp House
Barbican"
Magora,0,0,,"56 Shoreditch High St
Shoreditch"
4MAT,0,0,,"17 Blossom Street
Spitalfields"
Eton Digital,5,1,"Marketing, Web Design, Software Development","239 High Street
Kensington"
Creative Brand Design,0,0,,"77 New Cavendish Street
Fitzrovia"
Thames Collective,0,0,,"91 Brick Lane
Brick Lane"
Azam Marketing,0,0,,Bloomsbury
Infotex,0,0,,"7 Redan Street
West Kensington"
Vodoco Design and Development,0,0,,Trafalgar Square
SEO Services London,0,0,,"Icona Point Warton Road
Stratford"
Cone-headed Cat,0,0,,Serving Islington and the Surrounding Area
Mind Digital,0,0,,"330 High Holborn
Holborn"
Atlas Web,0,0,,Serving London and the Surrounding Area
ArtDriver Web Design & SEO,0,0,,"324-326 Regent St
Fitzrovia"
Tebbs Design Ltd,0,0,,"42 Cherry Tree Walk
Eden Park"
Unigraph,0,0,,"64 Old Street
Barbican"
Quickinnovations,1,1,"Web Design, Marketing, Graphic Design","Unit 26b Bourne Court
Gants Hill"
Webimpulse,0,0,,"145-157 St John Street
Clerkenwell"
Red C,0,0,,Serving London and the Surrounding Area
Gravity Software,0,0,,Serving London and the Surrounding Area
Print Sign Design,5,2,"Graphic Design, Web Design, Printing Services","87 Cricklwood Broadway
Brondesbury"
GTrekMedia,0,0,,"44 West Hallowes
Mottingham"
Webtime SEO for Therapists & Consultants,0,0,,"33 Sandwich House
Bloomsbury"
Beeches IT,0,0,,Serving London and the Surrounding Area
Milk it Design,0,0,,"152-160 City Road
Barbican"
Marugati Creative,0,0,,"55 Saint James Court
Croydon"
Logicsofts - Web Design Agency,0,0,,"39 Great Windmill Street
Soho"
MLA Development,0,0,,"2B Redbourne Avenue
Finchley"
One2One Digital,0,0,,"143 Caledonian Road
King's Cross"
MPH Creative,0,0,,"Black Prince Road
Vauxhall"
CatSEO,0,0,,"68 Hatton Garden
Farringdon"
Other Vision Digital Marketing,0,0,,"100 Mile End Road
Stepney"
Hooper and Kind Website Design,0,0,,"The Avenue
Brondesbury"
Locals Talk,0,0,,"5-7 Tanner Street
Borough"
PrintHouse Corporation,0,0,,"St Leonard's Road
North Acton"
Avenuea-Razorfish,0,0,,"1 Berners Street
Fitzrovia"
Selfless Mind,5,1,"Web Design, Social Clubs","99 Morieux Rd
Leyton"
Evident Art,0,0,,"33 Yonge Park
Lower Holloway"
Kite Computer Solutions,0,0,,"5 Cheshire Street
Shoreditch"
BohemianPR,0,0,,"High Street Kensington
Kensington"
Mubaloo London,0,0,,"85 Strand
Strand"
Alchemy Interactive,0,0,,"500 Chiswick High Road
Chiswick"
Mango Digital,0,0,,286B Kennington Rd
London SEO Consultancy,0,0,,"148 Falcon Road
Clapham Junction"
UltiNetS,0,0,,"24 Holborn Viaduct
Farringdon"
Silvercipher,0,0,,Serving New Malden and the Surrounding Area
Cyberscape Solutions,0,0,,"87 Shepherds Bush Rd
West Kensington"
ISPG Technologies Europe,0,0,,"20 Hanover Square
Mayfair"
Kay Kreatives,5,2,"Graphic Design, Web Design",Lower Holloway
Raysev,0,0,,Serving London and the Surrounding Area
Verulam Web Design,5,1,"Web Design, Marketing, Graphic Design",3a Canberra House
Britking Digital,0,0,,"71-75 Shelton Street
Covent Garden"
The Color Company,4,3,"Printing Services, Graphic Design, Web Design","35-37 Cannon Street
The City"
IT Village,0,0,,"38 Toynbee Street
Petticoat Lane"
Little Yoda,0,0,,"88-90 Hatton Garden
Farringdon"
eStage,0,0,,"41 Whitcomb Street
Leicester Square"
Sova Infotech,0,0,,"London Suite 508 1 Alie St London E1 8de
Whitechapel"
Linkinet,0,0,,
Web Spiders,0,0,,"1 Royal Exchange Avenue
The City"
Fgjrjrj,0,0,,"88 Wood Street
The City"
Wastronauts,0,0,,"71 Shelton Street
Covent Garden"
Wedidit Creative,0,0,,"133 Creek Road
Deptford"
